category,ingredient
baking,baking powder
baking,baking soda
baking,brown sugar
baking,cornstarch
baking,flour
baking,sugar
baking,vanilla
oils etc.,apple cider vinegar
oils etc.,balsamic vinegar
oils etc.,chicken bullion
oils etc.,maple syrup
oils etc.,mirin
oils etc.,neutral oil
oils etc.,olive oil
oils etc.,red wine vinegar
oils etc.,sesame oil
oils etc.,soy sauce
oils etc.,veg buillion
oils etc.,white wine vinegar
spices,bay leaves
spices,black pepper
spices,bouillon cubes
spices,chili flakes
spices,chili powder
spices,cinnamon
spices,coriander
spices,cumin
spices,cumin seeds
spices,curry powder
spices,dried chilies
spices,gochugaru
spices,salt
spices,smoked paprika
spices,sweet paprika
spices,tumeric
spices,zaatar
spices,cloves
grains,jasmine rice
oils etc.,sunflower oil
oils etc.,sherry vinegar
spices,fennel seeds
spices,cinnamon sticks
spices,cardamom seeds
oils etc.,peanut oil
spices,nutmeg
spices,cardamom
oils etc.,hot suace
